<?xml version="1.0" encoding="UTF-8" ?>
<!DOCTYPE mapper PUBLIC "-//mybatis.org//DTD Mapper 3.0//EN" "http://mybatis.org/dtd/mybatis-3-mapper.dtd">
<mapper namespace="com.southwind.repository.ClassesRepository">

    <resultMap id="classesMap" type="com.southwind.entity.Classes">
        <id column="cid" property="id"></id>
        <result column="cname" property="name"></result>
        <collection property="students" ofType="com.southwind.entity.Student">
            <id column="id" property="id"/>
            <result column="name" property="name"/>
        </collection>
    </resultMap>

    <select id="findById" parameterType="long" resultMap="classesMap">
        select s.id,s.name,c.id as cid,c.name as cname from student s,classes c where c.id = #{id} and s.cid = c.id
    </select>

    <select id="findByIdLazy" parameterType="long" resultType="com.southwind.entity.Classes">
        select * from classes where id = #{id}
    </select>
</mapper>