<?xml version="1.0" encoding="UTF-8" ?>
<!DOCTYPE mapper PUBLIC "-//mybatis.org//DTD Mapper 3.0//EN" "http://mybatis.org/dtd/mybatis-3-mapper.dtd">
<mapper namespace="com.southwind.repository.StudentRepository">

    <resultMap id="studentMap" type="com.southwind.entity.Student">
        <id column="id" property="id"></id>
        <result column="name" property="name"></result>
        <association property="classes" javaType="com.southwind.entity.Classes">
            <id column="cid" property="id"></id>
            <result column="cname" property="name"></result>
        </association>
    </resultMap>

    <select id="findById" parameterType="long" resultMap="studentMap">
        select s.id,s.name,c.id as cid,c.name as cname from student s,classes c where s.id = #{id} and s.cid = c.id
    </select>


    <resultMap id="studentMapLazy" type="com.southwind.entity.Student">
        <id column="id" property="id"></id>
        <result column="name" property="name"></result>
        <association property="classes" javaType="com.southwind.entity.Classes" select="com.southwind.repository.ClassesRepository.findByIdLazy" column="cid"></association>
    </resultMap>

    <select id="findByIdLazy" parameterType="long" resultMap="studentMapLazy">
        select * from student where id = #{id}
    </select>

</mapper>