<?xml version="1.0" encoding="UTF-8"?>
<!DOCTYPE generatorConfiguration
        PUBLIC "-//mybatis.org//DTD MyBatis Generator Configuration 1.0//EN"
        "http://mybatis.org/dtd/mybatis-generator-config_1_0.dtd">
<generatorConfiguration>
    <context id="testTables" targetRuntime="MyBatis3">
        <jdbcConnection
                driverClass="com.mysql.cj.jdbc.Driver"
                connectionURL="jdbc:mysql://localhost:3306/mybatis?useUnicode=true&amp;characterEncoding=UTF-8"
                userId="root"
                password="root"
        ></jdbcConnection>
        <javaModelGenerator targetPackage="com.southwind.entity" targetProject="./src/main/java"></javaModelGenerator>
        <sqlMapGenerator targetPackage="com.southwind.repository" targetProject="./src/main/java"></sqlMapGenerator>
        <javaClientGenerator type="XMLMAPPER" targetPackage="com.southwind.repository" targetProject="./src/main/java"></javaClientGenerator>
        <table tableName="t_user" domainObjectName="User"></table>
    </context>
</generatorConfiguration>